file|title|scheme
150AyerMS1515_Escolios_1_r.jpg|Escolios, Folio 1, recto|public://images/pv/150AyerMS1515_Escolios_1_r.jpg
150AyerMS1515_Escolios_1_v.jpg|Escolios, Folio 1, verso|public://images/pv/150AyerMS1515_Escolios_1_v.jpg
150AyerMS1515_Escolios_2_r.jpg|Escolios, Folio 2, recto|public://images/pv/150AyerMS1515_Escolios_2_r.jpg
150AyerMS1515_Escolios_2_v.jpg|Escolios, Folio 2, verso|public://images/pv/150AyerMS1515_Escolios_2_v.jpg
150AyerMS1515_Escolios_3_r.jpg|Escolios, Folio 3, recto|public://images/pv/150AyerMS1515_Escolios_3_r.jpg
150AyerMS1515_Escolios_3_v.jpg|Escolios, Folio 3, verso|public://images/pv/150AyerMS1515_Escolios_3_v.jpg
150AyerMS1515_Escolios_4_r.jpg|Escolios, Folio 4, recto|public://images/pv/150AyerMS1515_Escolios_4_r.jpg
150AyerMS1515_Escolios_4_v.jpg|Escolios, Folio 4, verso|public://images/pv/150AyerMS1515_Escolios_4_v.jpg
150AyerMS1515_Escolios_5_r.jpg|Escolios, Folio 5, recto|public://images/pv/150AyerMS1515_Escolios_5_r.jpg
150AyerMS1515_Escolios_5_v.jpg|Escolios, Folio 5, verso|public://images/pv/150AyerMS1515_Escolios_5_v.jpg
150AyerMS1515_Escolios_6_r.jpg|Escolios, Folio 6, recto|public://images/pv/150AyerMS1515_Escolios_6_r.jpg
150AyerMS1515_Escolios_6_v.jpg|Escolios, Folio 6, verso|public://images/pv/150AyerMS1515_Escolios_6_v.jpg
150AyerMS1515pvfl_10_r.jpg|Popol Vuh, Folio 10, recto|public://images/pv/150AyerMS1515pvfl_10_r.jpg
150AyerMS1515pvfl_10_v.jpg|Popol Vuh, Folio 10, verso|public://images/pv/150AyerMS1515pvfl_10_v.jpg
150AyerMS1515pvfl_11_r.jpg|Popol Vuh, Folio 11, recto|public://images/pv/150AyerMS1515pvfl_11_r.jpg
150AyerMS1515pvfl_11_v.jpg|Popol Vuh, Folio 11, verso|public://images/pv/150AyerMS1515pvfl_11_v.jpg
150AyerMS1515pvfl_120_v.jpg|Popol Vuh, Folio 120, verso|public://images/pv/150AyerMS1515pvfl_120_v.jpg
150AyerMS1515pvfl_12_r.jpg|Popol Vuh, Folio 12, recto|public://images/pv/150AyerMS1515pvfl_12_r.jpg
150AyerMS1515pvfl_12_v.jpg|Popol Vuh, Folio 12, verso|public://images/pv/150AyerMS1515pvfl_12_v.jpg
150AyerMS1515pvfl_13_r.jpg|Popol Vuh, Folio 13, recto|public://images/pv/150AyerMS1515pvfl_13_r.jpg
150AyerMS1515pvfl_13_v.jpg|Popol Vuh, Folio 13, verso|public://images/pv/150AyerMS1515pvfl_13_v.jpg
150AyerMS1515pvfl_14_r.jpg|Popol Vuh, Folio 14, recto|public://images/pv/150AyerMS1515pvfl_14_r.jpg
150AyerMS1515pvfl_14_v.jpg|Popol Vuh, Folio 14, verso|public://images/pv/150AyerMS1515pvfl_14_v.jpg
150AyerMS1515pvfl_15_r.jpg|Popol Vuh, Folio 15, recto|public://images/pv/150AyerMS1515pvfl_15_r.jpg
150AyerMS1515pvfl_15_v.jpg|Popol Vuh, Folio 15, verso|public://images/pv/150AyerMS1515pvfl_15_v.jpg
150AyerMS1515pvfl_16_r.jpg|Popol Vuh, Folio 16, recto|public://images/pv/150AyerMS1515pvfl_16_r.jpg
150AyerMS1515pvfl_16_v.jpg|Popol Vuh, Folio 16, verso|public://images/pv/150AyerMS1515pvfl_16_v.jpg
150AyerMS1515pvfl_17_r.jpg|Popol Vuh, Folio 17, recto|public://images/pv/150AyerMS1515pvfl_17_r.jpg
150AyerMS1515pvfl_17_v.jpg|Popol Vuh, Folio 17, verso|public://images/pv/150AyerMS1515pvfl_17_v.jpg
150AyerMS1515pvfl_18_r.jpg|Popol Vuh, Folio 18, recto|public://images/pv/150AyerMS1515pvfl_18_r.jpg
150AyerMS1515pvfl_18_v.jpg|Popol Vuh, Folio 18, verso|public://images/pv/150AyerMS1515pvfl_18_v.jpg
150AyerMS1515pvfl_19_r.jpg|Popol Vuh, Folio 19, recto|public://images/pv/150AyerMS1515pvfl_19_r.jpg
150AyerMS1515pvfl_19_v.jpg|Popol Vuh, Folio 19, verso|public://images/pv/150AyerMS1515pvfl_19_v.jpg
150AyerMS1515pvfl_1_r.jpg|Popol Vuh, Folio 1, recto|public://images/pv/150AyerMS1515pvfl_1_r.jpg
150AyerMS1515pvfl_1_v.jpg|Popol Vuh, Folio 1, verso|public://images/pv/150AyerMS1515pvfl_1_v.jpg
150AyerMS1515pvfl_20_r.jpg|Popol Vuh, Folio 20, recto|public://images/pv/150AyerMS1515pvfl_20_r.jpg
150AyerMS1515pvfl_20_v.jpg|Popol Vuh, Folio 20, verso|public://images/pv/150AyerMS1515pvfl_20_v.jpg
150AyerMS1515pvfl_21_r.jpg|Popol Vuh, Folio 21, recto|public://images/pv/150AyerMS1515pvfl_21_r.jpg
150AyerMS1515pvfl_21_v.jpg|Popol Vuh, Folio 21, verso|public://images/pv/150AyerMS1515pvfl_21_v.jpg
150AyerMS1515pvfl_22_r.jpg|Popol Vuh, Folio 22, recto|public://images/pv/150AyerMS1515pvfl_22_r.jpg
150AyerMS1515pvfl_22_v.jpg|Popol Vuh, Folio 22, verso|public://images/pv/150AyerMS1515pvfl_22_v.jpg
150AyerMS1515pvfl_23_r.jpg|Popol Vuh, Folio 23, recto|public://images/pv/150AyerMS1515pvfl_23_r.jpg
150AyerMS1515pvfl_23_v.jpg|Popol Vuh, Folio 23, verso|public://images/pv/150AyerMS1515pvfl_23_v.jpg
150AyerMS1515pvfl_24_r.jpg|Popol Vuh, Folio 24, recto|public://images/pv/150AyerMS1515pvfl_24_r.jpg
150AyerMS1515pvfl_24_v.jpg|Popol Vuh, Folio 24, verso|public://images/pv/150AyerMS1515pvfl_24_v.jpg
150AyerMS1515pvfl_25_r.jpg|Popol Vuh, Folio 25, recto|public://images/pv/150AyerMS1515pvfl_25_r.jpg
150AyerMS1515pvfl_25_v.jpg|Popol Vuh, Folio 25, verso|public://images/pv/150AyerMS1515pvfl_25_v.jpg
150AyerMS1515pvfl_26_r.jpg|Popol Vuh, Folio 26, recto|public://images/pv/150AyerMS1515pvfl_26_r.jpg
150AyerMS1515pvfl_26_v.jpg|Popol Vuh, Folio 26, verso|public://images/pv/150AyerMS1515pvfl_26_v.jpg
150AyerMS1515pvfl_27_r.jpg|Popol Vuh, Folio 27, recto|public://images/pv/150AyerMS1515pvfl_27_r.jpg
150AyerMS1515pvfl_27_v.jpg|Popol Vuh, Folio 27, verso|public://images/pv/150AyerMS1515pvfl_27_v.jpg
150AyerMS1515pvfl_28_r.jpg|Popol Vuh, Folio 28, recto|public://images/pv/150AyerMS1515pvfl_28_r.jpg
150AyerMS1515pvfl_28_v.jpg|Popol Vuh, Folio 28, verso|public://images/pv/150AyerMS1515pvfl_28_v.jpg
150AyerMS1515pvfl_29_r.jpg|Popol Vuh, Folio 29, recto|public://images/pv/150AyerMS1515pvfl_29_r.jpg
150AyerMS1515pvfl_29_v.jpg|Popol Vuh, Folio 29, verso|public://images/pv/150AyerMS1515pvfl_29_v.jpg
150AyerMS1515pvfl_2_r.jpg|Popol Vuh, Folio 2, recto|public://images/pv/150AyerMS1515pvfl_2_r.jpg
150AyerMS1515pvfl_2_v.jpg|Popol Vuh, Folio 2, verso|public://images/pv/150AyerMS1515pvfl_2_v.jpg
150AyerMS1515pvfl_30_r.jpg|Popol Vuh, Folio 30, recto|public://images/pv/150AyerMS1515pvfl_30_r.jpg
150AyerMS1515pvfl_30_v.jpg|Popol Vuh, Folio 30, verso|public://images/pv/150AyerMS1515pvfl_30_v.jpg
150AyerMS1515pvfl_31_r.jpg|Popol Vuh, Folio 31, recto|public://images/pv/150AyerMS1515pvfl_31_r.jpg
150AyerMS1515pvfl_31_v.jpg|Popol Vuh, Folio 31, verso|public://images/pv/150AyerMS1515pvfl_31_v.jpg
150AyerMS1515pvfl_32_r.jpg|Popol Vuh, Folio 32, recto|public://images/pv/150AyerMS1515pvfl_32_r.jpg
150AyerMS1515pvfl_32_v.jpg|Popol Vuh, Folio 32, verso|public://images/pv/150AyerMS1515pvfl_32_v.jpg
150AyerMS1515pvfl_33_r.jpg|Popol Vuh, Folio 33, recto|public://images/pv/150AyerMS1515pvfl_33_r.jpg
150AyerMS1515pvfl_33_v.jpg|Popol Vuh, Folio 33, verso|public://images/pv/150AyerMS1515pvfl_33_v.jpg
150AyerMS1515pvfl_34_r.jpg|Popol Vuh, Folio 34, recto|public://images/pv/150AyerMS1515pvfl_34_r.jpg
150AyerMS1515pvfl_34_v.jpg|Popol Vuh, Folio 34, verso|public://images/pv/150AyerMS1515pvfl_34_v.jpg
150AyerMS1515pvfl_35_r.jpg|Popol Vuh, Folio 35, recto|public://images/pv/150AyerMS1515pvfl_35_r.jpg
150AyerMS1515pvfl_35_v.jpg|Popol Vuh, Folio 35, verso|public://images/pv/150AyerMS1515pvfl_35_v.jpg
150AyerMS1515pvfl_36_r.jpg|Popol Vuh, Folio 36, recto|public://images/pv/150AyerMS1515pvfl_36_r.jpg
150AyerMS1515pvfl_36_v.jpg|Popol Vuh, Folio 36, verso|public://images/pv/150AyerMS1515pvfl_36_v.jpg
150AyerMS1515pvfl_37_r.jpg|Popol Vuh, Folio 37, recto|public://images/pv/150AyerMS1515pvfl_37_r.jpg
150AyerMS1515pvfl_37_v.jpg|Popol Vuh, Folio 37, verso|public://images/pv/150AyerMS1515pvfl_37_v.jpg
150AyerMS1515pvfl_38_r.jpg|Popol Vuh, Folio 38, recto|public://images/pv/150AyerMS1515pvfl_38_r.jpg
150AyerMS1515pvfl_38_v.jpg|Popol Vuh, Folio 38, verso|public://images/pv/150AyerMS1515pvfl_38_v.jpg
150AyerMS1515pvfl_39_r.jpg|Popol Vuh, Folio 39, recto|public://images/pv/150AyerMS1515pvfl_39_r.jpg
150AyerMS1515pvfl_39_v.jpg|Popol Vuh, Folio 39, verso|public://images/pv/150AyerMS1515pvfl_39_v.jpg
150AyerMS1515pvfl_3_r.jpg|Popol Vuh, Folio 3, recto|public://images/pv/150AyerMS1515pvfl_3_r.jpg
150AyerMS1515pvfl_3_v.jpg|Popol Vuh, Folio 3, verso|public://images/pv/150AyerMS1515pvfl_3_v.jpg
150AyerMS1515pvfl_40_r.jpg|Popol Vuh, Folio 40, recto|public://images/pv/150AyerMS1515pvfl_40_r.jpg
150AyerMS1515pvfl_40_v.jpg|Popol Vuh, Folio 40, verso|public://images/pv/150AyerMS1515pvfl_40_v.jpg
150AyerMS1515pvfl_41_r.jpg|Popol Vuh, Folio 41, recto|public://images/pv/150AyerMS1515pvfl_41_r.jpg
150AyerMS1515pvfl_41_v.jpg|Popol Vuh, Folio 41, verso|public://images/pv/150AyerMS1515pvfl_41_v.jpg
150AyerMS1515pvfl_42_r.jpg|Popol Vuh, Folio 42, recto|public://images/pv/150AyerMS1515pvfl_42_r.jpg
150AyerMS1515pvfl_42_v.jpg|Popol Vuh, Folio 42, verso|public://images/pv/150AyerMS1515pvfl_42_v.jpg
150AyerMS1515pvfl_43_r.jpg|Popol Vuh, Folio 43, recto|public://images/pv/150AyerMS1515pvfl_43_r.jpg
150AyerMS1515pvfl_43_v.jpg|Popol Vuh, Folio 43, verso|public://images/pv/150AyerMS1515pvfl_43_v.jpg
150AyerMS1515pvfl_44_r.jpg|Popol Vuh, Folio 44, recto|public://images/pv/150AyerMS1515pvfl_44_r.jpg
150AyerMS1515pvfl_44_v.jpg|Popol Vuh, Folio 44, verso|public://images/pv/150AyerMS1515pvfl_44_v.jpg
150AyerMS1515pvfl_45_r.jpg|Popol Vuh, Folio 45, recto|public://images/pv/150AyerMS1515pvfl_45_r.jpg
150AyerMS1515pvfl_45_v.jpg|Popol Vuh, Folio 45, verso|public://images/pv/150AyerMS1515pvfl_45_v.jpg
150AyerMS1515pvfl_46_r.jpg|Popol Vuh, Folio 46, recto|public://images/pv/150AyerMS1515pvfl_46_r.jpg
150AyerMS1515pvfl_46_v.jpg|Popol Vuh, Folio 46, verso|public://images/pv/150AyerMS1515pvfl_46_v.jpg
150AyerMS1515pvfl_47_r.jpg|Popol Vuh, Folio 47, recto|public://images/pv/150AyerMS1515pvfl_47_r.jpg
150AyerMS1515pvfl_47_v.jpg|Popol Vuh, Folio 47, verso|public://images/pv/150AyerMS1515pvfl_47_v.jpg
150AyerMS1515pvfl_48_r.jpg|Popol Vuh, Folio 48, recto|public://images/pv/150AyerMS1515pvfl_48_r.jpg
150AyerMS1515pvfl_48_v.jpg|Popol Vuh, Folio 48, verso|public://images/pv/150AyerMS1515pvfl_48_v.jpg
150AyerMS1515pvfl_49_r.jpg|Popol Vuh, Folio 49, recto|public://images/pv/150AyerMS1515pvfl_49_r.jpg
150AyerMS1515pvfl_49_v.jpg|Popol Vuh, Folio 49, verso|public://images/pv/150AyerMS1515pvfl_49_v.jpg
150AyerMS1515pvfl_4_r.jpg|Popol Vuh, Folio 4, recto|public://images/pv/150AyerMS1515pvfl_4_r.jpg
150AyerMS1515pvfl_4_v.jpg|Popol Vuh, Folio 4, verso|public://images/pv/150AyerMS1515pvfl_4_v.jpg
150AyerMS1515pvfl_50_r.jpg|Popol Vuh, Folio 50, recto|public://images/pv/150AyerMS1515pvfl_50_r.jpg
150AyerMS1515pvfl_50_v.jpg|Popol Vuh, Folio 50, verso|public://images/pv/150AyerMS1515pvfl_50_v.jpg
150AyerMS1515pvfl_51_r.jpg|Popol Vuh, Folio 51, recto|public://images/pv/150AyerMS1515pvfl_51_r.jpg
150AyerMS1515pvfl_51_v.jpg|Popol Vuh, Folio 51, verso|public://images/pv/150AyerMS1515pvfl_51_v.jpg
150AyerMS1515pvfl_52_r.jpg|Popol Vuh, Folio 52, recto|public://images/pv/150AyerMS1515pvfl_52_r.jpg
150AyerMS1515pvfl_52_v.jpg|Popol Vuh, Folio 52, verso|public://images/pv/150AyerMS1515pvfl_52_v.jpg
150AyerMS1515pvfl_53_r.jpg|Popol Vuh, Folio 53, recto|public://images/pv/150AyerMS1515pvfl_53_r.jpg
150AyerMS1515pvfl_53_v.jpg|Popol Vuh, Folio 53, verso|public://images/pv/150AyerMS1515pvfl_53_v.jpg
150AyerMS1515pvfl_54_r.jpg|Popol Vuh, Folio 54, recto|public://images/pv/150AyerMS1515pvfl_54_r.jpg
150AyerMS1515pvfl_54_v.jpg|Popol Vuh, Folio 54, verso|public://images/pv/150AyerMS1515pvfl_54_v.jpg
150AyerMS1515pvfl_55_r.jpg|Popol Vuh, Folio 55, recto|public://images/pv/150AyerMS1515pvfl_55_r.jpg
150AyerMS1515pvfl_55_v.jpg|Popol Vuh, Folio 55, verso|public://images/pv/150AyerMS1515pvfl_55_v.jpg
150AyerMS1515pvfl_56_r.jpg|Popol Vuh, Folio 56, recto|public://images/pv/150AyerMS1515pvfl_56_r.jpg
150AyerMS1515pvfl_56_v.jpg|Popol Vuh, Folio 56, verso|public://images/pv/150AyerMS1515pvfl_56_v.jpg
150AyerMS1515pvfl_5_r.jpg|Popol Vuh, Folio 5, recto|public://images/pv/150AyerMS1515pvfl_5_r.jpg
150AyerMS1515pvfl_5_v.jpg|Popol Vuh, Folio 5, verso|public://images/pv/150AyerMS1515pvfl_5_v.jpg
150AyerMS1515pvfl_6_r.jpg|Popol Vuh, Folio 6, recto|public://images/pv/150AyerMS1515pvfl_6_r.jpg
150AyerMS1515pvfl_6_v.jpg|Popol Vuh, Folio 6, verso|public://images/pv/150AyerMS1515pvfl_6_v.jpg
150AyerMS1515pvfl_7_r.jpg|Popol Vuh, Folio 7, recto|public://images/pv/150AyerMS1515pvfl_7_r.jpg
150AyerMS1515pvfl_7_v.jpg|Popol Vuh, Folio 7, verso|public://images/pv/150AyerMS1515pvfl_7_v.jpg
150AyerMS1515pvfl_8_r.jpg|Popol Vuh, Folio 8, recto|public://images/pv/150AyerMS1515pvfl_8_r.jpg
150AyerMS1515pvfl_8_v.jpg|Popol Vuh, Folio 8, verso|public://images/pv/150AyerMS1515pvfl_8_v.jpg
150AyerMS1515pvfl_9_r.jpg|Popol Vuh, Folio 9, recto|public://images/pv/150AyerMS1515pvfl_9_r.jpg
150AyerMS1515pvfl_9_v.jpg|Popol Vuh, Folio 9, verso|public://images/pv/150AyerMS1515pvfl_9_v.jpg
150AyerMS1515pvfl_ii_r.jpg|Popol Vuh, Folio ii, recto|public://images/pv/150AyerMS1515pvfl_ii_r.jpg
150AyerMS1515pvfl_ii_v.jpg|Popol Vuh, Folio ii, verso|public://images/pv/150AyerMS1515pvfl_ii_v.jpg
150AyerMS1515pvfl_iii_r.jpg|Popol Vuh, Folio iii, recto|public://images/pv/150AyerMS1515pvfl_iii_r.jpg
150AyerMS1515pvfl_iii_v.jpg|Popol Vuh, Folio iii, verso|public://images/pv/150AyerMS1515pvfl_iii_v.jpg
150AyerMS1515pvfl_iv_r.jpg|Popol Vuh, Folio iv, recto|public://images/pv/150AyerMS1515pvfl_iv_r.jpg
150AyerMS1515pvfl_iv_v.jpg|Popol Vuh, Folio iv, verso|public://images/pv/150AyerMS1515pvfl_iv_v.jpg
150AyerMS1515pvfl_title_r.jpg|Popol Vuh, Folio title, recto|public://images/pv/150AyerMS1515pvfl_title_r.jpg
150AyerMS1515pvfl_title_v.jpg|Popol Vuh, Folio title, verso|public://images/pv/150AyerMS1515pvfl_title_v.jpg
